post_id,title,link,raw_link,score,user,comments
45389267,,,,338.0,kevlened,110.0
45388021,,,,561.0,knowtheory,246.0
45391871,,,,93.0,pykello,8.0
45392922,,,,25.0,chmaynard,14.0
45391444,,,,127.0,kristianp,16.0
45356429,,,,151.0,andsoitis,25.0
45392164,,,,69.0,exvi,12.0
45391566,,,,87.0,TheFreim,112.0
45389965,,,,147.0,1970-01-01,140.0
45364932,,,,165.0,jonbruner,54.0
45392744,,,,26.0,vinhnx,5.0
45386578,,,,238.0,pavel_lishin,421.0
45389293,,,,106.0,ShaggyHotDog,32.0
45388822,,,,126.0,debrisapron,137.0
45390856,,,,78.0,rrjjww,20.0
45357732,,,,197.0,beckford,111.0
45388728,,,,137.0,babelfish,50.0
45389464,,,,88.0,bmau5,31.0
45390121,,,,172.0,cnst,98.0
45391987,,,,27.0,georgecmu,36.0
45390866,,,,45.0,abhishaike,7.0
45391786,,,,82.0,hhs,40.0
45353604,,,,4.0,technivis,3.0
45382434,,,,388.0,ptk,232.0
45367362,,,,36.0,jonah-archive,4.0
45392053,,,,30.0,kelvinquee,4.0
45381590,,,,140.0,vmayoral,80.0
45336775,,,,137.0,nadis,100.0
45387494,,,,125.0,thsName,52.0
45381810,,,,400.0,alex77456,655.0
45388675,,,,,,
45347619,,,,119.0,marcobambini,45.0
45383637,,,,245.0,hggh,117.0
45364503,,,,20.0,gmac,
45387462,,,,333.0,Bender,65.0
45386872,,,,91.0,decodebytes,17.0
45391220,,,,26.0,sonabinu,
45389889,,,,124.0,bookofjoe,69.0
45370209,,,,7.0,Tycho87,
45386690,,,,61.0,pseudolus,19.0
45359083,,,,24.0,doener,6.0
45387155,,,,96.0,1vuio0pswjnm7,105.0
45384481,,,,391.0,agluszak,205.0
45384653,,,,121.0,justinclift,38.0
45392945,,,,12.0,transpute,1.0
45334001,,,,419.0,surprisetalk,122.0
45382645,,,,169.0,michelangelo,38.0
45391078,,,,48.0,Nezteb,25.0
45391299,,,,22.0,redbell,15.0
45387421,,,,51.0,neural_thing,12.0
45390999,,,,45.0,vladyslavfox,12.0
45346014,,,,209.0,bondarchuk,73.0
45387374,,,,177.0,zmccormick7,170.0
45380699,,,,320.0,redbell,280.0
45388770,,,,30.0,kaycebasques,2.0
45391467,,,,12.0,downboots,
45391027,,,,12.0,ibobev,
45389374,,,,16.0,klaussilveira,
45379325,,,,185.0,doener,155.0
45350207,,,,34.0,mtlynch,5.0
45370760,,,,22.0,Twixes,16.0
45352633,,,,110.0,ibobev,22.0
45387337,,,,77.0,indigodaddy,117.0
45391543,,,,60.0,zdw,39.0
45367046,,,,211.0,snowmaker,265.0
45391328,,,,8.0,mikeharper,
45392073,,,,23.0,jimt1234,7.0
45382755,,,,346.0,emporas,175.0
45381631,,,,92.0,PaulHoule,48.0
45373008,,,,103.0,mfkhalil,69.0
45377748,,,,169.0,sadiq,53.0
45392648,,,,20.0,Bender,4.0
45375845,,,,529.0,meetpateltech,269.0
45387961,,,,22.0,Bogdanp,
45340215,,,,73.0,todsacerdoti,72.0
45382397,,,,264.0,jonny_eh,164.0
45375477,,,,604.0,meetpateltech,696.0
45389914,,,,10.0,giuliomagnifico,
45392438,,,,23.0,breve,6.0
45344250,,,,130.0,tbillington,77.0
45371283,,,,246.0,todsacerdoti,397.0
45371309,,,,87.0,todsacerdoti,100.0
45373081,,,,653.0,tosh,533.0
45392487,,,,14.0,herbertl,8.0
45389589,,,,12.0,carlotasoto,
45345447,,,,43.0,benaadams,8.0
45374500,,,,1051.0,Metalhearf,597.0
45378666,,,,105.0,themgt,10.0
45391858,,,,16.0,1vuio0pswjnm7,
45347072,,,,590.0,fibo,79.0
45372335,,,,426.0,bensouthwood,442.0
45388861,,,,18.0,lococococo,6.0
45362813,,,,134.0,michaelstewart,41.0
45391539,,,,5.0,bookofjoe,
45376605,,,,324.0,giuliomagnifico,243.0
45376895,,,,96.0,akyuu,24.0
45377641,,,,338.0,jmorgan,169.0
45381010,,,,300.0,teddyh,46.0
45370304,,,,409.0,sohkamyung,288.0
45381813,,,,71.0,sgammon,19.0
45353986,,,,47.0,chunkles,11.0
45391462,,,,10.0,feross,
45389263,,,,7.0,rbanffy,
45392353,,,,17.0,domofutu,8.0
45385926,,,,88.0,andsoitis,101.0
45348634,,,,38.0,zdw,1.0
45350690,,,,841.0,alazsengul,466.0
45390381,,,,27.0,JumpCrisscross,2.0
45346259,,,,65.0,karagenit,22.0
45387528,,,,61.0,maxbond,10.0
45370882,,,,150.0,todsacerdoti,39.0
45388739,,,,16.0,loosescrews,3.0
45388721,,,,5.0,PaulHoule,
45372286,,,,128.0,gregwolanski,28.0
45388520,,,,37.0,todsacerdoti,1.0
45353394,,,,22.0,Teever,8.0
45392539,,,,12.0,transpute,1.0
45350736,,,,19.0,karakanb,3.0
45387214,,,,15.0,frabonacci,3.0
45389499,,,,13.0,rbanffy,
45372289,,,,94.0,meetpateltech,17.0
45374474,,,,66.0,meetpateltech,11.0
45392258,,,,10.0,zeristor,3.0
45389500,,,,36.0,rolph,9.0
45389745,,,,32.0,gnabgib,
45384617,,,,178.0,tamnd,43.0
45390621,,,,5.0,matt_d,
45377030,,,,70.0,todsacerdoti,26.0
45342121,,,,179.0,azeemba,32.0
45390542,,,,4.0,nanibot,
45366474,,,,160.0,wmf,214.0
45346538,,,,163.0,leephillips,47.0
45340278,,,,49.0,matt_d,35.0
45362914,,,,100.0,jashmota,75.0
45374064,,,,354.0,_p2zi,178.0
45358940,,,,695.0,_zie,119.0
45387485,,,,18.0,tmoertel,2.0
45362697,,,,1035.0,bertman,541.0
45366867,,,,594.0,spacebuffer,525.0
45321849,,,,676.0,foehrenwald,134.0
45372113,,,,274.0,speckx,250.0
45388555,,,,4.0,klaussilveira,
45378871,,,,50.0,fidotron,21.0
45388380,,,,9.0,todsacerdoti,
45365878,,,,177.0,beligum,108.0
45337059,,,,84.0,degurechaff,46.0
45377572,,,,61.0,jandeboevrie,24.0
45369768,,,,338.0,todsacerdoti,53.0
45392467,,,,7.0,1659447091,
45391568,,,,35.0,sohkamyung,21.0
